Date,Plot,Qdrt,Treatment,Group,Cover,Species,"Native (N) or 
 Non (NN)",Coef
3/10/2022,0,1,Baseline,SHRU,3,DEDURE,NN,0
3/10/2022,0,1,Baseline,NONE,3,BARSOI,ND,0
3/10/2022,0,1,Baseline,SHRU,3,URELOB,NN,0
3/10/2022,0,1,Baseline,VINE,3,RUBSPP,NV,3
3/10/2022,0,1,Baseline,GRAS,1,SETPAR,NV,3
3/10/2022,0,1,Baseline,GRAS,1,UROMAX,NN,0
3/10/2022,0,2,Baseline,SHRU,6,DEDURE,NN,0
3/10/2022,0,2,Baseline,SHRU,3,URELOB,NN,0
3/10/2022,0,2,Baseline,VINE,2,RUBSPP,NV,3
3/10/2022,0,2,Baseline,GRAS,1,UROMAX,NN,0
3/10/2022,0,2,Baseline,GRAS,1,ANDGLO,NV,2
3/10/2022,0,2,Baseline,FORB,1,OXASPP,ND,0
3/10/2022,0,2,Baseline,GRAS,1,SETPAR,NV,3
3/10/2022,0,3,Baseline,SHRU,5,DEDURE,NN,0
3/10/2022,0,3,Baseline,SHRU,3,URELOB,NN,0
3/10/2022,0,3,Baseline,VINE,3,RUBSPP,NV,3
3/10/2022,0,3,Baseline,GRAS,2,ANDGLO,NV,2
3/10/2022,0,3,Baseline,NONE,1,BARSOI,ND,0
3/10/2022,0,3,Baseline,FORB,1,OENSIM,NV,1
3/10/2022,0,3,Baseline,GRAS,1,SETPAR,NV,3
3/10/2022,0,3,Baseline,FORB,1,OXASPP,ND,0
3/10/2022,0,3,Baseline,GRAS,1,UROMAX,NN,0
3/10/2022,0,3,Baseline,NONE,1,UNKDIC,ND,0
3/10/2022,1,1,Baseline,FORB,4,BIDALB,NV,0
3/10/2022,1,1,Baseline,GRAS,3,ANDGLO,NV,2
3/10/2022,1,1,Baseline,SHRU,3,DEDURE,NN,0
3/10/2022,1,1,Baseline,VINE,2,AMPARB,NV,4
3/10/2022,1,1,Baseline,NONE,2,BARSOI,ND,0
3/10/2022,1,2,Baseline,SHRU,4,DEDURE,NN,0
3/10/2022,1,2,Baseline,NONE,4,BARSOI,ND,0
3/10/2022,1,2,Baseline,FORB,3,BIDALB,NV,0
3/10/2022,1,2,Baseline,SHRU,2,URELOB,NN,0
3/10/2022,1,2,Baseline,NONE,1,UNKDIC,ND,0
3/10/2022,1,3,Baseline,SHRU,5,DEDURE,NN,0
3/10/2022,1,3,Baseline,FORB,3,BIDALB,NV,0
3/10/2022,1,3,Baseline,NONE,3,BARSOI,ND,0
3/10/2022,1,3,Baseline,TREE,2,SABPAL,NV,2
3/10/2022,1,3,Baseline,SHRU,2,URELOB,NN,0
3/10/2022,1,4,Baseline,SHRU,5,DEDURE,NN,0
3/10/2022,1,4,Baseline,FORB,4,BIDALB,NV,0
3/10/2022,1,4,Baseline,SHRU,2,URELOB,NN,0
3/10/2022,1,4,Baseline,NONE,2,BARSOI,ND,0
3/10/2022,1,5,Baseline,SHRU,5,DEDURE,NN,0
3/10/2022,1,5,Baseline,SHRU,3,URELOB,NN,0
3/10/2022,1,5,Baseline,NONE,3,BARSOI,ND,0
3/10/2022,1,5,Baseline,VINE,2,RUBSPP,NV,3
3/10/2022,1,5,Baseline,GRAS,2,UROMAX,NN,0
3/10/2022,1,5,Baseline,FORB,1,MALCOR,NV,1
3/10/2022,1,5,Baseline,FORB,1,AMBART,NV,0
3/10/2022,1,5,Baseline,FORB,1,OXASPP,ND,0
3/10/2022,1,5,Baseline,NONE,1,UNKDIC,ND,0
3/10/2022,1,5,Baseline,NONE,1,UNKDIC,ND,0
3/10/2022,1,5,Baseline,SEDG,1,CYPSPP,ND,0
3/10/2022,2,1,Baseline,FORB,4,BIDALB,NV,0
3/10/2022,2,1,Baseline,SHRU,3,DEDURE,NN,0
3/10/2022,2,1,Baseline,NONE,2,BARSOI,ND,0
3/10/2022,2,1,Baseline,SHRU,2,URELOB,NN,0
3/10/2022,2,2,Baseline,SHRU,4,DEDURE,NN,0
3/10/2022,2,2,Baseline,FORB,3,BIDALB,NV,0
3/10/2022,2,2,Baseline,NONE,2,BARSOI,ND,0
3/10/2022,2,2,Baseline,SHRU,2,URELOB,NN,0
3/10/2022,2,2,Baseline,TREE,1,SABPAL,NV,2
3/10/2022,2,2,Baseline,NONE,1,UNKDIC,ND,0
3/10/2022,2,2,Baseline,NONE,1,UNKDIC,ND,0
3/10/2022,2,2,Baseline,NONE,1,UNKDIC,ND,0
3/10/2022,2,2,Baseline,FORB,1,SIDCOR,NN,0
3/10/2022,2,3,Baseline,FORB,4,BIDALB,NV,0
3/10/2022,2,3,Baseline,NONE,3,BARSOI,ND,0
3/10/2022,2,3,Baseline,SHRU,3,DEDURE,NN,0
3/10/2022,2,3,Baseline,SHRU,3,URELOB,NN,0
3/10/2022,2,3,Baseline,TREE,2,SCHTER,NN,0
3/10/2022,2,3,Baseline,FORB,1,AMBART,NV,0
3/10/2022,2,3,Baseline,GRAS,1,UROMAX,NN,0
3/10/2022,2,4,Baseline,FORB,4,BIDALB,NV,0
3/10/2022,2,4,Baseline,NONE,3,BARSOI,ND,0
3/10/2022,2,4,Baseline,SHRU,3,DEDURE,NN,0
3/10/2022,2,4,Baseline,SHRU,3,URELOB,NN,0
3/10/2022,2,4,Baseline,FORB,0,AMBART,NV,0
3/10/2022,2,4,Baseline,FORB,0,GAMSPP,ND,0
3/10/2022,2,4,Baseline,FORB,0,SIDCOR,NN,0
3/10/2022,2,4,Baseline,NONE,0,UNKDIC,ND,0
3/10/2022,2,5,Baseline,SHRU,5,DEDURE,NN,0
3/10/2022,2,5,Baseline,VINE,3,RUBSPP,NV,3
3/10/2022,2,5,Baseline,SHRU,3,URELOB,NN,0
3/10/2022,2,5,Baseline,NONE,2,UNKDIC,ND,0
3/10/2022,2,5,Baseline,NONE,2,UNKDIC,ND,0
3/10/2022,2,5,Baseline,NONE,2,UNKDIC,ND,0
3/10/2022,2,5,Baseline,FORB,1,PARFLO,NV,1
3/10/2022,2,5,Baseline,GRAS,1,UROMAX,NN,0
3/10/2022,2,5,Baseline,FORB,1,GERCAR,NV,0
3/10/2022,3,1,Baseline,SHRU,3,DEDURE,NN,0
3/10/2022,3,1,Baseline,FORB,3,BIDALB,NV,0
3/10/2022,3,1,Baseline,SHRU,3,URELOB,NN,0
3/10/2022,3,1,Baseline,TREE,3,SABPAL,NV,2
3/10/2022,3,1,Baseline,NONE,2,BARSOI,ND,0
3/10/2022,3,1,Baseline,SHRU,2,BACHAL,NV,3
3/10/2022,3,1,Baseline,GRAS,1,UROMAX,NN,0
3/10/2022,3,1,Baseline,FORB,1,MALCOR,NV,1
3/10/2022,3,1,Baseline,FORB,1,SIDSPP,ND,0
3/10/2022,3,2,Baseline,SHRU,4,DEDURE,NN,0
3/10/2022,3,2,Baseline,FORB,3,BIDALB,NV,0
3/10/2022,3,2,Baseline,NONE,2,BARSOI,ND,0
3/10/2022,3,2,Baseline,SHRU,2,URELOB,NN,0
3/10/2022,3,2,Baseline,FORB,1,POLPRO,NV,1
3/10/2022,3,2,Baseline,GRAS,1,UROMAX,NN,0
3/10/2022,3,3,Baseline,SHRU,4,DEDURE,NN,0
3/10/2022,3,3,Baseline,NONE,3,BARSOI,ND,0
3/10/2022,3,3,Baseline,SHRU,3,URELOB,NN,0
3/10/2022,3,3,Baseline,FORB,2,BIDALB,NV,0
3/10/2022,3,3,Baseline,TREE,2,SABPAL,NV,2
3/10/2022,3,3,Baseline,FORB,1,MALCOR,NV,1
3/10/2022,3,3,Baseline,GRAS,1,UROMAX,NN,0
3/10/2022,4,1,Baseline,NONE,4,BARSOI,ND,0
3/10/2022,4,1,Baseline,FORB,4,BIDALB,NV,0
3/10/2022,4,1,Baseline,SHRU,3,DEDURE,NN,0
3/10/2022,4,1,Baseline,SHRU,1,URELOB,NN,0
3/10/2022,4,1,Baseline,GRAS,1,UROMAX,NN,0
3/10/2022,4,2,Baseline,SHRU,5,DEDURE,NN,0
3/10/2022,4,2,Baseline,NONE,3,BARSOI,ND,0
3/10/2022,4,2,Baseline,SHRU,3,URELOB,NN,0
3/10/2022,4,2,Baseline,FORB,2,BIDALB,NV,0
3/10/2022,4,2,Baseline,GRAS,1,UROMAX,NN,0
3/10/2022,4,3,Baseline,NONE,4,BARSOI,ND,0
3/10/2022,4,3,Baseline,SHRU,4,DEDURE,NN,0
3/10/2022,4,3,Baseline,SHRU,3,URELOB,NN,0
3/10/2022,4,3,Baseline,FORB,3,BIDALB,NV,0
3/10/2022,5,1,Baseline,NONE,3,BARSOI,ND,0
3/10/2022,5,1,Baseline,SHRU,3,DEDURE,NN,0
3/10/2022,5,1,Baseline,FORB,3,BIDALB,NV,0
3/10/2022,5,1,Baseline,SHRU,3,URELOB,NN,0
3/10/2022,5,1,Baseline,GRAS,1,UROMAX,NN,0
3/10/2022,5,2,Baseline,NONE,3,BARSOI,ND,0
3/10/2022,5,2,Baseline,SHRU,3,DEDURE,NN,0
3/10/2022,5,2,Baseline,FORB,3,BIDALB,NV,0
3/10/2022,5,2,Baseline,SHRU,3,URELOB,NN,0
3/10/2022,5,2,Baseline,GRAS,1,UROMAX,NN,0
3/10/2022,5,3,Baseline,NONE,5,BARSOI,ND,0
3/10/2022,5,3,Baseline,SHRU,3,DEDURE,NN,0
3/10/2022,5,3,Baseline,FORB,3,BIDALB,NV,0
3/10/2022,5,3,Baseline,SHRU,2,URELOB,NN,0
3/10/2022,5,3,Baseline,GRAS,1,UROMAX,NN,0
3/10/2022,5,3,Baseline,SEDG,1,CYPSPP,ND,0
3/10/2022,6,1,Baseline,NONE,4,BARSOI,ND,0
3/10/2022,6,1,Baseline,SHRU,4,DEDURE,NN,0
3/10/2022,6,1,Baseline,SHRU,3,URELOB,NN,0
3/10/2022,6,1,Baseline,FORB,2,BIDALB,NV,0
3/10/2022,6,1,Baseline,FORB,2,EMIFOS,NN,0
3/10/2022,6,1,Baseline,GRAS,1,UROMAX,NN,0
3/10/2022,6,1,Baseline,NONE,1,UNKDIC,ND,0
3/10/2022,6,2,Baseline,SHRU,4,DEDURE,NN,0
3/10/2022,6,2,Baseline,NONE,3,BARSOI,ND,0
3/10/2022,6,2,Baseline,SHRU,3,URELOB,NN,0
3/10/2022,6,2,Baseline,FORB,3,BIDALB,NV,0
3/10/2022,6,2,Baseline,VINE,2,RUBSPP,NV,3
3/10/2022,6,2,Baseline,GRAS,1,UROMAX,NN,0
3/10/2022,6,3,Baseline,FORB,4,BIDALB,NV,0
3/10/2022,6,3,Baseline,SHRU,4,URELOB,NN,0
3/10/2022,6,3,Baseline,NONE,3,BARSOI,ND,0
3/10/2022,6,3,Baseline,SHRU,2,DEDURE,NN,0
3/10/2022,6,3,Baseline,FORB,2,PHYSPP,NV,1
3/10/2022,6,3,Baseline,GRAS,2,UROMAX,NN,0
3/10/2022,6,3,Baseline,FORB,1,GERCAR,NV,0
3/10/2022,6,3,Baseline,FORB,1,AMBART,NV,0
3/10/2022,6,3,Baseline,FORB,1,COMSPP,ND,0
3/10/2022,6,3,Baseline,SEDG,1,CYPSPP,ND,0
3/10/2022,7,1,Baseline,FORB,4,BIDALB,NV,0
3/10/2022,7,1,Baseline,SHRU,4,URELOB,NN,0
3/10/2022,7,1,Baseline,FORB,2,AMBART,NV,0
3/10/2022,7,1,Baseline,FORB,2,PHYSPP,NV,1
3/10/2022,7,1,Baseline,GRAS,1,UROMAX,NN,0
3/10/2022,7,1,Baseline,SEDG,1,CYPSPP,ND,0
3/10/2022,7,1,Baseline,NONE,1,UNKDIC,ND,0
3/10/2022,7,2,Baseline,NONE,4,BARSOI,ND,0
3/10/2022,7,2,Baseline,VINE,3,RUBSPP,NV,3
3/10/2022,7,2,Baseline,FORB,3,BIDALB,NV,0
3/10/2022,7,2,Baseline,SHRU,3,URELOB,NN,0
3/10/2022,7,2,Baseline,SHRU,3,DEDURE,NN,0
3/10/2022,7,2,Baseline,FORB,2,AMBART,NV,0
3/10/2022,7,2,Baseline,FORB,2,PHYSPP,NV,1
3/10/2022,7,2,Baseline,GRAS,1,UROMAX,NN,0
3/10/2022,7,3,Baseline,SHRU,5,DEDURE,NN,0
3/10/2022,7,3,Baseline,NONE,3,BARSOI,ND,0
3/10/2022,7,3,Baseline,FORB,3,BIDALB,NV,0
3/10/2022,7,3,Baseline,SHRU,2,URELOB,NN,0
3/10/2022,7,3,Baseline,FORB,2,PHYSPP,NV,1
3/10/2022,7,3,Baseline,FORB,1,AMBART,NV,0
3/10/2022,7,3,Baseline,GRAS,1,UROMAX,NN,0
3/10/2022,8,1,Baseline,SHRU,5,URELOB,NN,0
3/10/2022,8,1,Baseline,NONE,3,BARSOI,ND,0
3/10/2022,8,1,Baseline,FORB,3,BIDALB,NV,0
3/10/2022,8,1,Baseline,SHRU,3,DEDURE,NN,0
3/10/2022,8,1,Baseline,GRAS,2,ANDGLO,NV,2
3/10/2022,8,1,Baseline,NONE,1,UNKDIC,ND,0
3/10/2022,8,2,Baseline,FORB,4,BIDALB,NV,0
3/10/2022,8,2,Baseline,NONE,4,DEDVEG,ND,0
3/10/2022,8,2,Baseline,NONE,3,BARSOI,ND,0
3/10/2022,8,2,Baseline,SHRU,3,URELOB,NN,0
3/10/2022,8,2,Baseline,FORB,2,PHYSPP,NV,1
3/10/2022,8,2,Baseline,GRAS,1,UROMAX,NN,0
3/10/2022,8,3,Baseline,SHRU,4,DEDURE,NN,0
3/10/2022,8,3,Baseline,NONE,3,BARSOI,ND,0
3/10/2022,8,3,Baseline,SHRU,3,URELOB,NN,0
3/10/2022,8,3,Baseline,FORB,3,BIDALB,NV,0
3/10/2022,8,3,Baseline,SEDG,1,CYPSPP,ND,0
3/10/2022,8,3,Baseline,GRAS,1,UROMAX,NN,0
3/10/2022,8,3,Baseline,FORB,1,AMBART,NV,0
3/10/2022,8,3,Baseline,NONE,1,UNKDIC,ND,0
3/10/2022,9,1,Baseline,SHRU,4,URELOB,NN,0
3/10/2022,9,1,Baseline,SHRU,4,DEDURE,NN,0
3/10/2022,9,1,Baseline,NONE,3,BARSOI,ND,0
3/10/2022,9,1,Baseline,FORB,2,PARFLO,NV,1
3/10/2022,9,1,Baseline,VINE,2,RUBSPP,NV,3
3/10/2022,9,1,Baseline,FORB,1,GERCAR,NV,0
3/10/2022,9,1,Baseline,NONE,1,UNKDIC,ND,0
3/10/2022,9,1,Baseline,NONE,1,UNKDIC,ND,0
3/10/2022,9,1,Baseline,FORB,1,AMBART,NV,0
3/10/2022,9,2,Baseline,SHRU,4,URELOB,NN,0
3/10/2022,9,2,Baseline,SHRU,4,DEDURE,NN,0
3/10/2022,9,2,Baseline,FORB,3,PARFLO,NV,1
3/10/2022,9,2,Baseline,NONE,2,BARSOI,ND,0
3/10/2022,9,2,Baseline,NONE,2,UNKDIC,ND,0
3/10/2022,9,2,Baseline,NONE,2,UNKDIC,ND,0
3/10/2022,9,2,Baseline,NONE,2,UNKDIC,ND,0
3/10/2022,9,2,Baseline,FORB,1,GERCAR,NV,0
3/10/2022,9,2,Baseline,GRAS,1,UROMAX,NN,0
3/10/2022,9,2,Baseline,FORB,1,AMBART,NV,0
3/10/2022,9,3,Baseline,SHRU,4,URELOB,NN,0
3/10/2022,9,3,Baseline,SHRU,4,DEDURE,NN,0
3/10/2022,9,3,Baseline,NONE,3,BARSOI,ND,0
3/10/2022,9,3,Baseline,NONE,2,UNKDIC,ND,0
3/10/2022,9,3,Baseline,NONE,2,UNKDIC,ND,0
3/10/2022,9,3,Baseline,FORB,1,PARFLO,NV,1
3/10/2022,9,3,Baseline,FORB,1,AMBART,NV,0
3/10/2022,9,3,Baseline,VINE,1,RUBSPP,NV,3
3/10/2022,9,3,Baseline,FORB,1,GERCAR,NV,0
3/10/2022,10,1,Baseline,SHRU,4,URELOB,NN,0
3/10/2022,10,1,Baseline,SHRU,4,DEDURE,NN,0
3/10/2022,10,1,Baseline,NONE,3,BARSOI,ND,0
3/10/2022,10,1,Baseline,VINE,3,RUBSPP,NV,3
3/10/2022,10,1,Baseline,NONE,1,UNKDIC,ND,0
3/10/2022,10,1,Baseline,NONE,1,UNKDIC,ND,0
3/10/2022,10,1,Baseline,FORB,1,AMBART,NV,0
3/10/2022,10,2,Baseline,SHRU,5,DEDURE,NN,0
3/10/2022,10,2,Baseline,SHRU,3,URELOB,NN,0
3/10/2022,10,2,Baseline,FORB,2,MALCOR,NV,1
3/10/2022,10,2,Baseline,FORB,2,PARFLO,NV,1
3/10/2022,10,2,Baseline,VINE,2,RUBSPP,NV,3
3/10/2022,10,2,Baseline,NONE,1,UNKDIC,ND,0
3/10/2022,10,2,Baseline,GRAS,1,UROMAX,NN,0
3/10/2022,10,2,Baseline,FORB,1,GERCAR,NV,0
3/10/2022,10,2,Baseline,TREE,1,SABPAL,NV,2
3/10/2022,10,2,Baseline,NONE,1,BARSOI,ND,0
3/10/2022,10,2,Baseline,FORB,1,BIDALB,NV,0
3/10/2022,10,2,Baseline,FORB,1,AMBART,NV,0
3/10/2022,10,3,Baseline,SHRU,5,URELOB,NN,0
3/10/2022,10,3,Baseline,VINE,3,RUBSPP,NV,3
3/10/2022,10,3,Baseline,SHRU,3,DEDURE,NN,0
3/10/2022,10,3,Baseline,NONE,2,BARSOI,ND,0
3/10/2022,10,3,Baseline,FORB,2,SIDSPP,ND,0
3/10/2022,10,3,Baseline,FORB,2,GERCAR,NV,0
3/10/2022,10,3,Baseline,GRAS,1,UROMAX,NN,0
3/10/2022,10,3,Baseline,FORB,1,AMBART,NV,0
3/10/2022,10,3,Baseline,FORB,1,PARFLO,NV,1
3/10/2022,10,3,Baseline,VINE,1,PARQUI,NV,3
3/10/2022,10,3,Baseline,NONE,1,UNKDIC,ND,0
3/10/2022,11,1,Baseline,SHRU,4,DEDURE,NN,0
3/10/2022,11,1,Baseline,SHRU,3,URELOB,NN,0
3/10/2022,11,1,Baseline,NONE,2,BARSOI,ND,0
3/10/2022,11,1,Baseline,VINE,2,RUBSPP,NV,3
3/10/2022,11,1,Baseline,FORB,2,BIDALB,NV,0
3/10/2022,11,1,Baseline,FORB,2,SIDSPP,ND,0
3/10/2022,11,1,Baseline,VINE,1,IPOSPP,NV,0
3/10/2022,11,1,Baseline,FORB,1,AMBART,NV,0
3/10/2022,11,1,Baseline,FORB,1,COMSPP,ND,0
3/10/2022,11,1,Baseline,GRAS,1,UROMAX,NN,0
3/10/2022,11,1,Baseline,NONE,1,UNKDIC,ND,0
3/10/2022,11,1,Baseline,NONE,1,UNKDIC,ND,0
3/10/2022,11,1,Baseline,TREE,1,SCHTER,NN,0
3/10/2022,11,2,Baseline,NONE,4,BARSOI,ND,0
3/10/2022,11,2,Baseline,SHRU,4,DEDURE,NN,0
3/10/2022,11,2,Baseline,VINE,3,RUBSPP,NV,3
3/10/2022,11,2,Baseline,SHRU,3,URELOB,NN,0
3/10/2022,11,2,Baseline,FORB,3,PARFLO,NV,1
3/10/2022,11,2,Baseline,FORB,2,MALCOR,NV,1
3/10/2022,11,2,Baseline,FORB,1,AMBART,NV,0
3/10/2022,11,2,Baseline,NONE,1,UNKDIC,ND,0
3/10/2022,11,2,Baseline,NONE,1,UNKDIC,ND,0
3/10/2022,11,3,Baseline,SHRU,4,URELOB,NN,0
3/10/2022,11,3,Baseline,NONE,4,BARSOI,ND,0
3/10/2022,11,3,Baseline,VINE,2,RUBSPP,NV,3
3/10/2022,11,3,Baseline,SHRU,2,DEDURE,NN,0
3/10/2022,11,3,Baseline,FORB,2,PARFLO,NV,1
3/10/2022,11,3,Baseline,FORB,2,AMBART,NV,0
3/10/2022,11,3,Baseline,NONE,1,UNKDIC,ND,0
3/10/2022,11,3,Baseline,FORB,1,MALCOR,NV,1
4/27/2022,0,1,Control,NONE,6,DEDVEG,ND,0
4/27/2022,0,1,Control,NONE,2,BARSOI,ND,0
4/27/2022,0,1,Control,SHRU,1,URELOB,NN,0
4/27/2022,0,1,Control,VINE,1,AMPARB,NV,4
4/27/2022,0,1,Control,GRAS,1,SETPAR,NV,3
4/27/2022,0,1,Control,FORB,1,AMBART,NV,0
4/27/2022,0,1,Control,NONE,1,UNKMON,ND,0
4/27/2022,0,1,Control,GRAS,1,UROMAX,NN,0
4/27/2022,0,1,Control,NONE,1,UNKDIC,ND,0
4/27/2022,0,2,Control,NONE,6,DEDVEG,ND,0
4/27/2022,0,2,Control,NONE,3,BARSOI,ND,0
4/27/2022,0,2,Control,SHRU,1,URELOB,NN,0
4/27/2022,0,2,Control,VINE,1,AMPARB,NV,4
4/27/2022,0,2,Control,VINE,1,RUBSPP,NV,3
4/27/2022,0,2,Control,GRAS,1,UROMAX,NN,0
4/27/2022,0,2,Control,NONE,1,UNKDIC,ND,0
4/27/2022,1,1,Mow,NONE,3,DEDVEG,ND,0
4/27/2022,1,1,Mow,GRAS,3,UROMAX,NN,0
4/27/2022,1,1,Mow,SHRU,3,URELOB,NN,0
4/27/2022,1,1,Mow,SEDG,2,CYPSPP,ND,0
4/27/2022,1,1,Mow,NONE,2,BARSOI,ND,0
4/27/2022,1,1,Mow,FORB,1,AMBART,NV,0
4/27/2022,1,1,Mow,FABA,1,SENOBT,NV,1
4/27/2022,1,1,Mow,NONE,1,UNKDIC,ND,0
4/27/2022,1,1,Mow,NONE,1,UNKDIC,ND,0
4/27/2022,1,1,Mow,NONE,1,UNKDIC,ND,0
4/27/2022,1,1,Mow,TREE,1,SABPAL,NV,2
4/27/2022,1,2,Mow,NONE,5,DEDVEG,ND,0
4/27/2022,1,2,Mow,NONE,3,BARSOI,ND,0
4/27/2022,1,2,Mow,GRAS,2,SPOSPP,NN,0
4/27/2022,1,2,Mow,FORB,1,AMBART,NV,0
4/27/2022,1,2,Mow,NONE,1,UNKDIC,ND,0
4/27/2022,1,3,Mow,NONE,5,DEDVEG,ND,0
4/27/2022,1,3,Mow,SHRU,3,URELOB,NN,0
4/27/2022,1,3,Mow,NONE,2,BARSOI,ND,0
4/27/2022,1,3,Mow,GRAS,2,UROMAX,NN,0
4/27/2022,1,3,Mow,SEDG,1,CYPSPP,ND,0
4/27/2022,1,3,Mow,FORB,1,AMBART,NV,0
4/27/2022,1,3,Mow,NONE,1,UNKDIC,ND,0
4/27/2022,1,3,Mow,NONE,1,UNKDIC,ND,0
4/27/2022,1,3,Mow,NONE,1,UNKDIC,ND,0
4/27/2022,1,3,Mow,NONE,1,UNKDIC,ND,0
4/27/2022,1,4,Mow,NONE,6,DEDVEG,ND,0
4/27/2022,1,4,Mow,NONE,2,BARSOI,ND,0
4/27/2022,1,4,Mow,SEDG,2,CYPSPP,ND,0
4/27/2022,1,4,Mow,SHRU,2,URELOB,NN,0
4/27/2022,1,4,Mow,FORB,2,AMBART,NV,0
4/27/2022,1,4,Mow,GRAS,1,UROMAX,NN,0
4/27/2022,1,5,Mow,FORB,4,BIDALB,NV,0
4/27/2022,1,5,Mow,FORB,4,AMBART,NV,0
4/27/2022,1,5,Mow,FORB,3,OENSIM,NV,1
4/27/2022,1,5,Mow,NONE,2,DEDVEG,ND,0
4/27/2022,1,5,Mow,FORB,2,LEPSPP,NV,0
4/27/2022,1,5,Mow,GRAS,2,UROMAX,NN,0
4/27/2022,1,5,Mow,NONE,1,BARSOI,ND,0
4/27/2022,1,5,Mow,FORB,1,BIDALB,NV,0
4/27/2022,1,5,Mow,FORB,1,GERCAR,NV,0
4/27/2022,1,5,Mow,FABA,1,MACLAT,NN,0
4/27/2022,1,5,Mow,SHRU,1,URELOB,NN,0
4/27/2022,1,5,Mow,SEDG,1,CYPSPP,ND,0
4/27/2022,2,1,Mow,NONE,5,DEDVEG,ND,0
4/27/2022,2,1,Mow,NONE,3,BARSOI,ND,0
4/27/2022,2,1,Mow,GRAS,2,UROMAX,NN,0
4/27/2022,2,1,Mow,SHRU,2,URELOB,NN,0
4/27/2022,2,1,Mow,FABA,1,SENOBT,NV,1
4/27/2022,2,1,Mow,VINE,1,MOMCHA,NN,0
4/27/2022,2,1,Mow,FORB,1,AMBART,NV,0
4/27/2022,2,1,Mow,SEDG,1,CYPSPP,ND,0
4/27/2022,2,2,Mow,NONE,5,BARSOI,ND,0
4/27/2022,2,2,Mow,FORB,3,AMBART,NV,0
4/27/2022,2,2,Mow,NONE,2,DEDVEG,ND,0
4/27/2022,2,2,Mow,SEDG,2,CYPSPP,ND,0
4/27/2022,2,2,Mow,VINE,2,MOMCHA,NN,0
4/27/2022,2,2,Mow,SHRU,1,URELOB,NN,0
4/27/2022,2,2,Mow,FORB,1,BIDALB,NV,0
4/27/2022,2,2,Mow,GRAS,1,EUSPET,NV,2
4/27/2022,2,2,Mow,NONE,1,UNKDIC,ND,0
4/27/2022,2,3,Mow,NONE,4,DEDVEG,ND,0
4/27/2022,2,3,Mow,NONE,3,BARSOI,ND,0
4/27/2022,2,3,Mow,SHRU,3,URELOB,NN,0
4/27/2022,2,3,Mow,GRAS,2,UROMAX,NN,0
4/27/2022,2,3,Mow,SEDG,1,CYPSPP,ND,0
4/27/2022,2,3,Mow,FORB,1,AMBART,NV,0
4/27/2022,2,3,Mow,NONE,1,UNKDIC,ND,0
4/27/2022,2,3,Mow,NONE,1,UNKDIC,ND,0
4/27/2022,2,4,Mow,NONE,4,DEDVEG,ND,0
4/27/2022,2,4,Mow,SHRU,3,URELOB,NN,0
4/27/2022,2,4,Mow,NONE,2,BARSOI,ND,0
4/27/2022,2,4,Mow,GRAS,2,UROMAX,NN,0
4/27/2022,2,4,Mow,FORB,1,AMBART,NV,0
4/27/2022,2,4,Mow,SEDG,1,CYPSPP,ND,0
4/27/2022,2,4,Mow,NONE,1,UNKDIC,ND,0
4/27/2022,2,4,Mow,NONE,1,UNKDIC,ND,0
4/27/2022,2,4,Mow,NONE,1,UNKDIC,ND,0
4/27/2022,2,4,Mow,NONE,1,UNKDIC,ND,0
4/27/2022,2,4,Mow,VINE,1,RUBSPP,NV,3
4/27/2022,2,4,Mow,FABA,1,SENOBT,NV,1
4/27/2022,2,5,Mow,NONE,5,DEDVEG,ND,0
4/27/2022,2,5,Mow,FORB,4,BIDALB,NV,0
4/27/2022,2,5,Mow,SHRU,3,URELOB,NN,0
4/27/2022,2,5,Mow,FORB,2,AMBART,NV,0
4/27/2022,2,5,Mow,NONE,1,BARSOI,ND,0
4/27/2022,2,5,Mow,FORB,1,SIDCOR,NN,0
4/27/2022,2,5,Mow,FORB,1,LOBSPP,NV,2
4/27/2022,2,5,Mow,FORB,1,OENSIM,NV,1
4/27/2022,2,5,Mow,SEDG,1,CYPSPP,ND,0
4/27/2022,2,5,Mow,GRAS,1,DIGFIL,NV,7
4/27/2022,2,5,Mow,FORB,1,COMSPP,ND,0
4/27/2022,3,1,Mow,NONE,5,DEDVEG,ND,0
4/27/2022,3,1,Mow,NONE,3,BARSOI,ND,0
4/27/2022,3,1,Mow,FABA,1,SENOBT,NV,1
4/27/2022,3,1,Mow,GRAS,1,UROMAX,NN,0
4/27/2022,3,1,Mow,SHRU,1,URELOB,NN,0
4/27/2022,3,1,Mow,FORB,1,AMBART,NV,0
4/27/2022,3,1,Mow,NONE,1,UNKDIC,ND,0
4/27/2022,3,1,Mow,NONE,1,UNKDIC,ND,0
4/27/2022,3,1,Mow,FORB,1,PHYSPP,NV,1
4/27/2022,3,2,Mow,NONE,4,DEDVEG,ND,0
4/27/2022,3,2,Mow,SEDG,3,CYPSPP,ND,0
4/27/2022,3,2,Mow,NONE,2,BARSOI,ND,0
4/27/2022,3,2,Mow,FORB,2,AMBART,NV,0
4/27/2022,3,2,Mow,SHRU,2,URELOB,NN,0
4/27/2022,3,2,Mow,GRAS,1,UROMAX,NN,0
4/27/2022,3,2,Mow,NONE,1,UNKDIC,ND,0
4/27/2022,3,2,Mow,NONE,1,UNKDIC,ND,0
4/27/2022,3,2,Mow,NONE,1,UNKMON,ND,0
4/27/2022,4,1,Mow,NONE,5,DEDVEG,ND,0
4/27/2022,4,1,Mow,NONE,2,BARSOI,ND,0
4/27/2022,4,1,Mow,SEDG,2,CYPSPP,ND,0
4/27/2022,4,1,Mow,SHRU,2,URELOB,NN,0
4/27/2022,4,1,Mow,GRAS,1,UROMAX,NN,0
4/27/2022,4,1,Mow,NONE,1,UNKDIC,ND,0
4/27/2022,4,1,Mow,NONE,1,UNKDIC,ND,0
4/27/2022,4,1,Mow,NONE,1,UNKDIC,ND,0
4/27/2022,4,1,Mow,FORB,1,AMBART,NV,0
4/27/2022,4,1,Mow,VINE,1,MOMCHA,NN,0
4/27/2022,4,2,Mow,NONE,6,DEDVEG,ND,0
4/27/2022,4,2,Mow,SHRU,2,URELOB,NN,0
4/27/2022,4,2,Mow,NONE,1,BARSOI,ND,0
4/27/2022,4,2,Mow,SEDG,1,CYPSPP,ND,0
4/27/2022,4,2,Mow,FORB,1,AMBART,NV,0
4/27/2022,4,2,Mow,NONE,1,UNKDIC,ND,0
4/27/2022,4,2,Mow,NONE,1,UNKDIC,ND,0
4/27/2022,4,2,Mow,NONE,1,UNKDIC,ND,0
4/27/2022,4,2,Mow,GRAS,1,UROMAX,NN,0
4/27/2022,5,1,Mow,NONE,5,DEDVEG,ND,0
4/27/2022,5,1,Mow,NONE,3,BARSOI,ND,0
4/27/2022,5,1,Mow,SEDG,2,CYPSPP,ND,0
4/27/2022,5,1,Mow,SHRU,2,URELOB,NN,0
4/27/2022,5,1,Mow,GRAS,1,UROMAX,NN,0
4/27/2022,5,1,Mow,FORB,1,AMBART,NV,0
4/27/2022,5,1,Mow,NONE,1,UNKDIC,ND,0
4/27/2022,5,2,Mow,NONE,5,DEDVEG,ND,0
4/27/2022,5,2,Mow,NONE,3,BARSOI,ND,0
4/27/2022,5,2,Mow,FORB,1,BIDALB,NV,0
4/27/2022,5,2,Mow,FABA,1,SENOBT,NV,1
4/27/2022,5,2,Mow,SEDG,1,CYPSPP,ND,0
4/27/2022,5,2,Mow,GRAS,1,UROMAX,NN,0
4/27/2022,5,2,Mow,SHRU,1,URELOB,NN,0
4/27/2022,5,2,Mow,NONE,1,UNKDIC,ND,0
4/27/2022,5,2,Mow,NONE,1,UNKDIC,ND,0
4/27/2022,5,2,Mow,NONE,1,UNKDIC,ND,0
4/27/2022,6,1,Mow,NONE,5,BARSOI,ND,0
4/27/2022,6,1,Mow,NONE,3,DEDVEG,ND,0
4/27/2022,6,1,Mow,SEDG,1,CYPSPP,ND,0
4/27/2022,6,1,Mow,NONE,1,UNKDIC,ND,0
4/27/2022,6,1,Mow,SHRU,1,URELOB,NN,0
4/27/2022,6,2,Mow,NONE,4,DEDVEG,ND,0
4/27/2022,6,2,Mow,NONE,3,BARSOI,ND,0
4/27/2022,6,2,Mow,SHRU,2,URELOB,NN,0
4/27/2022,6,2,Mow,SEDG,2,CYPSPP,ND,0
4/27/2022,6,2,Mow,FORB,2,PHYSPP,NV,1
4/27/2022,6,2,Mow,SEDG,1,CYPSPP,ND,0
4/27/2022,6,2,Mow,FORB,1,AMBART,NV,0
4/27/2022,6,2,Mow,FORB,1,BIDALB,NV,0
4/27/2022,6,2,Mow,NONE,1,UNKDIC,ND,0
4/27/2022,6,2,Mow,NONE,1,UNKDIC,ND,0
4/27/2022,6,2,Mow,NONE,1,UNKDIC,ND,0
4/27/2022,6,2,Mow,GRAS,1,UROMAX,NN,0
4/27/2022,6,2,Mow,FABA,1,SENOBT,NV,1
4/27/2022,7,1,Mow,NONE,4,DEDVEG,ND,0
4/27/2022,7,1,Mow,NONE,3,BARSOI,ND,0
4/27/2022,7,1,Mow,GRAS,2,UROMAX,NN,0
4/27/2022,7,1,Mow,SEDG,2,CYPSPP,ND,0
4/27/2022,7,1,Mow,SHRU,2,URELOB,NN,0
4/27/2022,7,1,Mow,FORB,2,AMBART,NV,0
4/27/2022,7,1,Mow,FORB,1,PHYSPP,NV,1
4/27/2022,7,1,Mow,NONE,1,UNKDIC,ND,0
4/27/2022,7,1,Mow,NONE,1,UNKDIC,ND,0
4/27/2022,7,1,Mow,NONE,1,UNKMON,ND,0
4/27/2022,7,2,Mow,NONE,5,DEDVEG,ND,0
4/27/2022,7,2,Mow,NONE,4,BARSOI,ND,0
4/27/2022,7,2,Mow,SEDG,2,CYPSPP,ND,0
4/27/2022,7,2,Mow,FORB,2,PHYSPP,NV,1
4/27/2022,7,2,Mow,SHRU,2,URELOB,NN,0
4/27/2022,7,2,Mow,GRAS,1,UROMAX,NN,0
4/27/2022,7,2,Mow,FORB,1,BIDALB,NV,0
4/27/2022,7,2,Mow,SHRU,1,BACHAL,NV,3
4/27/2022,7,2,Mow,NONE,1,UNKMON,ND,0
4/27/2022,7,2,Mow,NONE,1,UNKDIC,ND,0
4/27/2022,7,2,Mow,NONE,1,UNKDIC,ND,0
4/27/2022,7,2,Mow,NONE,1,UNKDIC,ND,0
4/27/2022,8,1,Mow,NONE,4,BARSOI,ND,0
4/27/2022,8,1,Mow,NONE,4,DEDVEG,ND,0
4/27/2022,8,1,Mow,GRAS,2,UROMAX,NN,0
4/27/2022,8,1,Mow,SHRU,2,URELOB,NN,0
4/27/2022,8,1,Mow,FORB,1,LEPSPP,NV,0
4/27/2022,8,1,Mow,FORB,1,AMBART,NV,0
4/27/2022,8,1,Mow,FORB,1,PHYSPP,NV,1
4/27/2022,8,1,Mow,SEDG,1,CYPSPP,ND,0
4/27/2022,8,1,Mow,FORB,1,BIDALB,NV,0
4/27/2022,8,1,Mow,GRAS,1,ANDGLO,NV,2
4/27/2022,8,1,Mow,NONE,1,UNKDIC,ND,0
4/27/2022,8,1,Mow,NONE,1,UNKDIC,ND,0
4/27/2022,8,2,Mow,NONE,5,DEDVEG,ND,0
4/27/2022,8,2,Mow,NONE,3,BARSOI,ND,0
4/27/2022,8,2,Mow,SHRU,3,URELOB,NN,0
4/27/2022,8,2,Mow,FORB,3,BIDALB,NV,0
4/27/2022,8,2,Mow,FORB,2,AMBART,NV,0
4/27/2022,8,2,Mow,SEDG,1,CYPSPP,ND,0
4/27/2022,8,2,Mow,GRAS,1,UROMAX,NN,0
4/27/2022,8,2,Mow,NONE,1,UNKDIC,ND,0
4/27/2022,8,2,Mow,NONE,1,UNKDIC,ND,0
4/27/2022,9,1,Mow,NONE,4,BARSOI,ND,0
4/27/2022,9,1,Mow,NONE,4,DEDVEG,ND,0
4/27/2022,9,1,Mow,VINE,1,MOMCHA,NN,0
4/27/2022,9,1,Mow,FORB,1,AMBART,NV,0
4/27/2022,9,1,Mow,SHRU,1,URELOB,NN,0
4/27/2022,9,1,Mow,NONE,1,UNKMON,ND,0
4/27/2022,9,1,Mow,NONE,1,UNKDIC,ND,0
4/27/2022,9,1,Mow,NONE,1,UNKDIC,ND,0
4/27/2022,9,1,Mow,NONE,1,UNKDIC,ND,0
4/27/2022,9,2,Mow,NONE,5,DEDVEG,ND,0
4/27/2022,9,2,Mow,SHRU,3,URELOB,NN,0
4/27/2022,9,2,Mow,NONE,2,BARSOI,ND,0
4/27/2022,9,2,Mow,GRAS,2,UROMAX,NN,0
4/27/2022,9,2,Mow,FORB,2,AMBART,NV,0
4/27/2022,9,2,Mow,NONE,1,UNKDIC,ND,0
4/27/2022,9,2,Mow,NONE,1,UNKDIC,ND,0
4/27/2022,10,1,Mow,NONE,4,DEDVEG,ND,0
4/27/2022,10,1,Mow,SHRU,4,URELOB,NN,0
4/27/2022,10,1,Mow,FORB,2,AMBART,NV,0
4/27/2022,10,1,Mow,GRAS,2,UROMAX,NN,0
4/27/2022,10,1,Mow,NONE,1,BARSOI,ND,0
4/27/2022,10,1,Mow,NONE,1,UNKDIC,ND,0
4/27/2022,10,1,Mow,NONE,1,UNKDIC,ND,0
4/27/2022,10,1,Mow,NONE,1,UNKDIC,ND,0
4/27/2022,10,1,Mow,SEDG,1,CYPSPP,ND,0
4/27/2022,10,1,Mow,VINE,1,RUBSPP,NV,3
4/27/2022,10,1,Mow,FABA,1,INDHIR,NN,0
4/27/2022,10,2,Mow,NONE,5,DEDVEG,ND,0
4/27/2022,10,2,Mow,NONE,2,BARSOI,ND,0
4/27/2022,10,2,Mow,SHRU,2,URELOB,NN,0
4/27/2022,10,2,Mow,VINE,2,MOMCHA,NN,0
4/27/2022,10,2,Mow,SEDG,2,CYPSPP,ND,0
4/27/2022,10,2,Mow,FORB,1,AMBART,NV,0
4/27/2022,10,2,Mow,VINE,1,RUBSPP,NV,3
4/27/2022,10,2,Mow,GRAS,1,UROMAX,NN,0
4/27/2022,10,2,Mow,NONE,1,UNKDIC,ND,0
4/27/2022,10,2,Mow,NONE,1,UNKDIC,ND,0
4/27/2022,10,2,Mow,NONE,1,UNKDIC,ND,0
4/27/2022,10,2,Mow,NONE,1,UNKDIC,ND,0
4/27/2022,11,1,Mow,GRAS,3,UROMAX,NN,0
4/27/2022,11,1,Mow,NONE,3,DEDVEG,ND,0
4/27/2022,11,1,Mow,NONE,3,BARSOI,ND,0
4/27/2022,11,1,Mow,SHRU,3,URELOB,NN,0
4/27/2022,11,1,Mow,VINE,2,MOMCHA,NN,0
4/27/2022,11,1,Mow,VINE,1,RUBSPP,NV,3
4/27/2022,11,1,Mow,SEDG,1,CYPSPP,ND,0
4/27/2022,11,1,Mow,NONE,1,UNKDIC,ND,0
4/27/2022,11,1,Mow,NONE,1,UNKDIC,ND,0
4/27/2022,11,1,Mow,NONE,1,UNKDIC,ND,0
4/27/2022,11,1,Mow,FORB,1,AMBART,NV,0
4/27/2022,11,2,Mow,NONE,3,BARSOI,ND,0
4/27/2022,11,2,Mow,NONE,3,DEDVEG,ND,0
4/27/2022,11,2,Mow,VINE,3,MOMCHA,NN,0
4/27/2022,11,2,Mow,SHRU,3,URELOB,NN,0
4/27/2022,11,2,Mow,FORB,2,AMBART,NV,0
4/27/2022,11,2,Mow,GRAS,1,UROMAX,NN,0
4/27/2022,11,2,Mow,VINE,1,RUBSPP,NV,3
4/27/2022,11,2,Mow,NONE,1,UNKDIC,ND,0
4/27/2022,11,2,Mow,SEDG,1,CYPSPP,ND,0
4/27/2022,11,2,Mow,FABA,1,INDHIR,NN,0
6/9/2022,0,1,Control,GRAS,3,UROMAX,NN,0
6/9/2022,0,1,Control,FORB,3,AMBART,NV,0
6/9/2022,0,1,Control,SHRU,3,URELOB,NN,0
6/9/2022,0,1,Control,FABA,3,INDHIR,NN,0
6/9/2022,0,1,Control,VINE,2,RUBSPP,NV,3
6/9/2022,0,1,Control,VINE,2,CISTRI,NV,4
6/9/2022,0,1,Control,GRAS,2,SETPAR,NV,3
6/9/2022,0,1,Control,FABA,1,SENOBT,NV,1
6/9/2022,0,2,Control,SHRU,5,URELOB,NN,0
6/9/2022,0,2,Control,GRAS,3,UROMAX,NN,0
6/9/2022,0,2,Control,NONE,2,BARSOI,ND,0
6/9/2022,0,2,Control,NONE,2,DEDVEG,ND,0
6/9/2022,0,2,Control,FABA,2,INDHIR,NN,0
6/9/2022,0,2,Control,VINE,2,CISTRI,NV,4
6/9/2022,0,2,Control,VINE,1,MOMCHA,NN,0
6/9/2022,0,2,Control,FORB,1,PHYSPP,NV,1
6/9/2022,0,2,Control,NONE,1,UNKDIC,ND,0
6/9/2022,0,2,Control,NONE,1,UNKDIC,ND,0
6/9/2022,1,1,Herbicide,FORB,4,BIDALB,NV,0
6/9/2022,1,1,Herbicide,FORB,3,AMBART,NV,0
6/9/2022,1,1,Herbicide,SHRU,3,URELOB,NN,0
6/9/2022,1,1,Herbicide,GRAS,3,ERISPP,NN,0
6/9/2022,1,1,Herbicide,FORB,2,OENSIM,NV,1
6/9/2022,1,1,Herbicide,GRAS,2,UROMAX,NN,0
6/9/2022,1,1,Herbicide,FABA,2,INDHIR,NN,0
6/9/2022,1,1,Herbicide,NONE,1,DEDVEG,ND,0
6/9/2022,1,1,Herbicide,NONE,1,UNKDIC,ND,0
6/9/2022,1,1,Herbicide,NONE,1,UNKDIC,ND,0
6/9/2022,1,1,Herbicide,FORB,1,SIDSPP,ND,0
6/9/2022,1,1,Herbicide,FABA,1,MACLAT,NN,0
6/9/2022,1,1,Herbicide,FORB,1,TORCRU,NN,0
6/9/2022,1,2,Herbicide,FORB,4,OENSIM,NV,1
6/9/2022,1,2,Herbicide,FORB,3,BIDALB,NV,0
6/9/2022,1,2,Herbicide,SHRU,2,URELOB,NN,0
6/9/2022,1,2,Herbicide,FORB,2,SIDSPP,ND,0
6/9/2022,1,2,Herbicide,NONE,2,BARSOI,ND,0
6/9/2022,1,2,Herbicide,GRAS,2,IMPCYL,NN,0
6/9/2022,1,2,Herbicide,FORB,1,MALCOR,NV,1
6/9/2022,1,2,Herbicide,GRAS,1,MELREP,NN,0
6/9/2022,1,3,Herbicide,GRAS,6,UROMAX,NN,0
6/9/2022,1,3,Herbicide,FORB,1,BIDALB,NV,0
6/9/2022,1,3,Herbicide,FORB,1,AMBART,NV,0
6/9/2022,1,3,Herbicide,SHRU,1,URELOB,NN,0
6/9/2022,1,3,Herbicide,FORB,1,SIDSPP,ND,0
6/9/2022,1,4,Herbicide,NONE,4,BARSOI,ND,0
6/9/2022,1,4,Herbicide,NONE,4,DEDVEG,ND,0
6/9/2022,1,4,Herbicide,FORB,3,AMBART,NV,0
6/9/2022,1,4,Herbicide,FABA,3,INDHIR,NN,0
6/9/2022,1,4,Herbicide,SHRU,2,URELOB,NN,0
6/9/2022,1,4,Herbicide,GRAS,2,UROMAX,NN,0
6/9/2022,1,4,Herbicide,SEDG,1,CYPSPP,ND,0
6/9/2022,1,4,Herbicide,FORB,1,SIDSPP,ND,0
6/9/2022,1,4,Herbicide,FORB,1,BIDALB,NV,0
6/9/2022,1,4,Herbicide,NONE,1,UNKDIC,ND,0
6/9/2022,1,4,Herbicide,NONE,1,UNKDIC,ND,0
6/9/2022,1,4,Herbicide,FORB,1,TORCRU,NN,0
6/9/2022,1,4,Herbicide,GRAS,1,SPOSPP,NN,0
6/9/2022,1,5,Herbicide,SHRU,4,URELOB,NN,0
6/9/2022,1,5,Herbicide,FABA,4,INDHIR,NN,0
6/9/2022,1,5,Herbicide,NONE,3,DEDVEG,ND,0
6/9/2022,1,5,Herbicide,GRAS,3,UROMAX,NN,0
6/9/2022,1,5,Herbicide,NONE,1,BARSOI,ND,0
6/9/2022,1,5,Herbicide,FORB,1,SIDSPP,ND,0
6/9/2022,1,5,Herbicide,NONE,1,UNKDIC,ND,0
6/9/2022,1,5,Herbicide,VINE,1,AMPARB,NV,4
6/9/2022,1,5,Herbicide,SEDG,1,CYPSPP,ND,0
6/9/2022,1,5,Herbicide,VINE,1,MOMCHA,NN,0
6/9/2022,2,1,Mechanical,FORB,3,BIDALB,NV,0
6/9/2022,2,1,Mechanical,FORB,3,SIDSPP,ND,0
6/9/2022,2,1,Mechanical,SHRU,3,URELOB,NN,0
6/9/2022,2,1,Mechanical,GRAS,2,UROMAX,NN,0
6/9/2022,2,1,Mechanical,SEDG,2,CYPSPP,ND,0
6/9/2022,2,1,Mechanical,FABA,2,INDHIR,NN,0
6/9/2022,2,1,Mechanical,GRAS,1,MELREP,NN,0
6/9/2022,2,1,Mechanical,FORB,1,CROSPP,NN,0
6/9/2022,2,2,Mechanical,FORB,6,CROSPP,NN,0
6/9/2022,2,2,Mechanical,GRAS,3,UROMAX,NN,0
6/9/2022,2,2,Mechanical,FORB,2,SIDSPP,ND,0
6/9/2022,2,2,Mechanical,FORB,2,BIDALB,NV,0
6/9/2022,2,2,Mechanical,FABA,2,INDHIR,NN,0
6/9/2022,2,2,Mechanical,FABA,1,SENOBT,NV,1
6/9/2022,2,3,Mechanical,FORB,5,SIDSPP,ND,0
6/9/2022,2,3,Mechanical,GRAS,4,UROMAX,NN,0
6/9/2022,2,3,Mechanical,FORB,1,SIDCOR,NN,0
6/9/2022,2,3,Mechanical,NONE,1,UNKDIC,ND,0
6/9/2022,2,3,Mechanical,VINE,1,MOMCHA,NN,0
6/9/2022,2,3,Mechanical,FORB,1,CROSPP,NN,0
6/9/2022,2,3,Mechanical,GRAS,1,SPOSPP,NN,0
6/9/2022,2,4,Mechanical,SHRU,3,URELOB,NN,0
6/9/2022,2,4,Mechanical,FABA,3,INDHIR,NN,0
6/9/2022,2,4,Mechanical,FABA,3,SENOBT,NV,1
6/9/2022,2,4,Mechanical,FORB,3,CROSPP,NN,0
6/9/2022,2,4,Mechanical,GRAS,2,UROMAX,NN,0
6/9/2022,2,4,Mechanical,SEDG,2,CYPSPP,ND,0
6/9/2022,2,4,Mechanical,FABA,2,MACLAT,NN,0
6/9/2022,2,4,Mechanical,FORB,1,SIDSPP,ND,0
6/9/2022,2,4,Mechanical,NONE,1,UNKDIC,ND,0
6/9/2022,2,4,Mechanical,FORB,1,AMBART,NV,0
6/9/2022,2,4,Mechanical,VINE,1,MOMCHA,NN,0
6/9/2022,2,5,Mechanical,SHRU,4,URELOB,NN,0
6/9/2022,2,5,Mechanical,GRAS,4,UROMAX,NN,0
6/9/2022,2,5,Mechanical,FABA,2,INDHIR,NN,0
6/9/2022,2,5,Mechanical,FORB,1,SIDSPP,ND,0
6/9/2022,2,5,Mechanical,SEDG,1,CYPSPP,ND,0
6/9/2022,2,5,Mechanical,FORB,1,PHYSPP,NV,1
6/9/2022,2,5,Mechanical,FORB,1,PHLSPP,NV,0
6/9/2022,2,5,Mechanical,VINE,1,MOMCHA,NN,0
6/9/2022,2,5,Mechanical,NONE,1,UNKDIC,ND,0
6/9/2022,2,5,Mechanical,NONE,1,UNKDIC,ND,0
7/28/2022,0,1,Control,GRAS,4,UROMAX,NN,0
7/28/2022,0,1,Control,FABA,4,INDHIR,NN,0
7/28/2022,0,1,Control,FORB,2,AMBART,NV,0
7/28/2022,0,1,Control,SHRU,2,URELOB,NN,0
7/28/2022,0,1,Control,VINE,1,RUBSPP,NV,3
7/28/2022,0,2,Control,NONE,4,BARSOI,ND,0
7/28/2022,0,2,Control,FABA,4,INDHIR,NN,0
7/28/2022,0,2,Control,SHRU,3,URELOB,NN,0
7/28/2022,0,2,Control,FABA,2,SENOBT,NV,1
7/28/2022,0,2,Control,FORB,2,AMBART,NV,0
7/28/2022,0,2,Control,FORB,2,OXASPP,ND,0
7/28/2022,0,2,Control,VINE,1,MOMCHA,NN,0
7/28/2022,0,2,Control,NONE,1,UNKMON,ND,0
7/28/2022,0,2,Control,VINE,1,RUBSPP,NV,3
7/28/2022,0,2,Control,GRAS,1,UROMAX,NN,0
7/28/2022,1,1,Herbicide,FABA,5,INDHIR,NN,0
7/28/2022,1,1,Herbicide,FORB,3,SIDCOR,NN,0
7/28/2022,1,1,Herbicide,FORB,2,AMBART,NV,0
7/28/2022,1,1,Herbicide,FABA,2,MACLAT,NN,0
7/28/2022,1,1,Herbicide,GRAS,2,UROMAX,NN,0
7/28/2022,1,1,Herbicide,FORB,2,BIDALB,NV,0
7/28/2022,1,1,Herbicide,NONE,1,UNKDIC,ND,0
7/28/2022,1,1,Herbicide,NONE,1,UNKDIC,ND,0
7/28/2022,1,1,Herbicide,VINE,1,RUBSPP,NV,3
7/28/2022,1,1,Herbicide,SHRU,1,URELOB,NN,0
7/28/2022,1,1,Herbicide,FORB,1,POLPRO,NV,1
7/28/2022,1,1,Herbicide,FABA,1,SENOBT,NV,1
7/28/2022,1,1,Herbicide,SEDG,1,CYPSPP,ND,0
7/28/2022,1,1,Herbicide,FORB,1,OXASPP,ND,0
7/28/2022,1,1,Herbicide,NONE,1,DEDVEG,ND,0
7/28/2022,1,1,Herbicide,FORB,1,PHLSPP,NV,0
7/28/2022,1,2,Herbicide,GRAS,6,UROMAX,NN,0
7/28/2022,1,2,Herbicide,NONE,3,BARSOI,ND,0
7/28/2022,1,2,Herbicide,SHRU,2,URELOB,NN,0
7/28/2022,1,2,Herbicide,VINE,1,MOMCHA,NN,0
7/28/2022,1,2,Herbicide,NONE,1,UNKDIC,ND,0
7/28/2022,1,2,Herbicide,FORB,1,AMBART,NV,0
7/28/2022,1,2,Herbicide,SEDG,1,CYPSPP,ND,0
7/28/2022,1,2,Herbicide,FABA,1,INDHIR,NN,0
7/28/2022,1,3,Herbicide,GRAS,4,UROMAX,NN,0
7/28/2022,1,3,Herbicide,FABA,4,INDHIR,NN,0
7/28/2022,1,3,Herbicide,NONE,3,BARSOI,ND,0
7/28/2022,1,3,Herbicide,NONE,2,UNKDIC,ND,0
7/28/2022,1,3,Herbicide,SHRU,2,URELOB,NN,0
7/28/2022,1,3,Herbicide,FORB,2,AMBART,NV,0
7/28/2022,1,3,Herbicide,NONE,1,DEDVEG,ND,0
7/28/2022,1,3,Herbicide,FORB,1,SIDSPP,ND,0
7/28/2022,1,3,Herbicide,FABA,1,MACLAT,NN,0
7/28/2022,1,3,Herbicide,VINE,1,MOMCHA,NN,0
7/28/2022,1,3,Herbicide,FORB,1,PHLSPP,NV,0
7/28/2022,1,4,Herbicide,NONE,4,DEDVEG,ND,0
7/28/2022,1,4,Herbicide,GRAS,4,UROMAX,NN,0
7/28/2022,1,4,Herbicide,FORB,3,CROSPP,NN,0
7/28/2022,1,4,Herbicide,FABA,3,INDHIR,NN,0
7/28/2022,1,4,Herbicide,SHRU,1,URELOB,NN,0
7/28/2022,1,4,Herbicide,FORB,1,SIDSPP,ND,0
7/28/2022,1,4,Herbicide,NONE,1,UNKDIC,ND,0
7/28/2022,1,4,Herbicide,SEDG,1,CYPSPP,ND,0
7/28/2022,1,4,Herbicide,FORB,1,AMBART,NV,0
7/28/2022,1,5,Herbicide,FORB,4,BIDALB,NV,0
7/28/2022,1,5,Herbicide,NONE,4,DEDVEG,ND,0
7/28/2022,1,5,Herbicide,FABA,2,MACLAT,NN,0
7/28/2022,1,5,Herbicide,FORB,2,OENSIM,NV,1
7/28/2022,1,5,Herbicide,GRAS,2,UROMAX,NN,0
7/28/2022,1,5,Herbicide,FORB,2,SIDSPP,ND,0
7/28/2022,1,5,Herbicide,FORB,2,CROSPP,NN,0
7/28/2022,1,5,Herbicide,FABA,1,SENOBT,NV,1
7/28/2022,1,5,Herbicide,FORB,1,AMBART,NV,0
7/28/2022,1,5,Herbicide,SHRU,1,URELOB,NN,0
7/28/2022,1,5,Herbicide,NONE,1,BARSOI,ND,0
7/28/2022,2,1,Mechanical,FORB,5,BIDALB,NV,0
7/28/2022,2,1,Mechanical,SHRU,4,URELOB,NN,0
7/28/2022,2,1,Mechanical,GRAS,3,UROMAX,NN,0
7/28/2022,2,1,Mechanical,FABA,2,INDHIR,NN,0
7/28/2022,2,1,Mechanical,VINE,1,RUBSPP,NV,3
7/28/2022,2,1,Mechanical,NONE,1,UNKDIC,ND,0
7/28/2022,2,1,Mechanical,FORB,1,AMBART,NV,0
7/28/2022,2,1,Mechanical,SEDG,1,CYPSPP,ND,0
7/28/2022,2,1,Mechanical,FORB,1,PHLSPP,NV,0
7/28/2022,2,2,Mechanical,NONE,4,DEDVEG,ND,0
7/28/2022,2,2,Mechanical,GRAS,4,UROMAX,NN,0
7/28/2022,2,2,Mechanical,SHRU,2,URELOB,NN,0
7/28/2022,2,2,Mechanical,FORB,2,PHLSPP,NV,0
7/28/2022,2,2,Mechanical,VINE,1,RUBSPP,NV,3
7/28/2022,2,2,Mechanical,SEDG,1,CYPSPP,ND,0
7/28/2022,2,2,Mechanical,FORB,1,PORSPP,NV,1
7/28/2022,2,2,Mechanical,FORB,1,AMBART,NV,0
7/28/2022,2,3,Mechanical,NONE,5,DEDVEG,ND,0
7/28/2022,2,3,Mechanical,GRAS,3,UROMAX,NN,0
7/28/2022,2,3,Mechanical,SHRU,3,URELOB,NN,0
7/28/2022,2,3,Mechanical,NONE,1,UNKDIC,ND,0
7/28/2022,2,3,Mechanical,FORB,1,PHLSPP,NV,0
7/28/2022,2,3,Mechanical,FABA,1,INDHIR,NN,0
7/28/2022,2,4,Mechanical,NONE,5,DEDVEG,ND,0
7/28/2022,2,4,Mechanical,GRAS,4,UROMAX,NN,0
7/28/2022,2,4,Mechanical,SHRU,3,URELOB,NN,0
7/28/2022,2,4,Mechanical,FORB,1,SIDSPP,ND,0
7/28/2022,2,4,Mechanical,NONE,1,UNKDIC,ND,0
7/28/2022,2,4,Mechanical,FABA,1,SENOBT,NV,1
7/28/2022,2,4,Mechanical,NONE,1,BARSOI,ND,0
7/28/2022,2,4,Mechanical,FORB,1,POLPRO,NV,1
7/28/2022,2,4,Mechanical,FABA,1,INDHIR,NN,0
7/28/2022,2,5,Mechanical,FORB,5,SIDSPP,ND,0
7/28/2022,2,5,Mechanical,SHRU,4,URELOB,NN,0
7/28/2022,2,5,Mechanical,GRAS,2,UROMAX,NN,0
7/28/2022,2,5,Mechanical,NONE,2,UNKDIC,ND,0
7/28/2022,2,5,Mechanical,NONE,2,DEDVEG,ND,0
7/28/2022,2,5,Mechanical,FORB,1,GAMSPP,ND,0
7/28/2022,2,5,Mechanical,FORB,1,BIDALB,NV,0
7/28/2022,2,5,Mechanical,NONE,1,BARSOI,ND,0
9/19/2022,0,1,Control,GRAS,5,UROMAX,NN,0
9/19/2022,0,1,Control,FABA,3,INDHIR,NN,0
9/19/2022,0,1,Control,FORB,3,AMBART,NV,0
9/19/2022,0,1,Control,VINE,2,RUBSPP,NV,3
9/19/2022,0,2,Control,GRAS,7,UROMAX,NN,0
9/19/2022,0,2,Control,SHRU,2,URELOB,NN,0
9/19/2022,1,1,Herbicide,FORB,5,MALCOR,NV,1
9/19/2022,1,1,Herbicide,NONE,3,DEDVEG,ND,0
9/19/2022,1,1,Herbicide,FORB,2,PHLSPP,NV,0
9/19/2022,1,1,Herbicide,GRAS,2,UROMAX,NN,0
9/19/2022,1,1,Herbicide,SEDG,2,CYPSPP,ND,0
9/19/2022,1,1,Herbicide,FORB,2,COMSPP,ND,0
9/19/2022,1,1,Herbicide,NONE,1,BARSOI,ND,0
9/19/2022,1,1,Herbicide,GRAS,1,ERISPP,NN,0
9/19/2022,1,2,Herbicide,FORB,5,BIDALB,NV,0
9/19/2022,1,2,Herbicide,FORB,3,MALCOR,NV,1
9/19/2022,1,2,Herbicide,FORB,1,PHLSPP,NV,0
9/19/2022,1,3,Herbicide,FORB,5,MALCOR,NV,1
9/19/2022,1,3,Herbicide,GRAS,3,UROMAX,NN,0
9/19/2022,1,3,Herbicide,FORB,3,BIDALB,NV,0
9/19/2022,1,3,Herbicide,SHRU,2,URELOB,NN,0
9/19/2022,1,3,Herbicide,VINE,2,IPOSPP,NV,0
9/19/2022,1,3,Herbicide,FORB,2,PHLSPP,NV,0
9/19/2022,1,4,Herbicide,NONE,5,DEDVEG,ND,0
9/19/2022,1,4,Herbicide,SHRU,3,URELOB,NN,0
9/19/2022,1,4,Herbicide,GRAS,2,UROMAX,NN,0
9/19/2022,1,4,Herbicide,NONE,1,UNKDIC,ND,0
9/19/2022,1,5,Herbicide,NONE,5,DEDVEG,ND,0
9/19/2022,1,5,Herbicide,FORB,2,MALCOR,NV,1
9/19/2022,1,5,Herbicide,FORB,2,CROSPP,NN,0
9/19/2022,1,5,Herbicide,GRAS,2,SPOSPP,NN,0
9/19/2022,1,5,Herbicide,GRAS,2,UROMAX,NN,0
9/19/2022,1,5,Herbicide,TREE,2,SABPAL,NV,2
9/19/2022,1,5,Herbicide,FORB,2,POLPRO,NV,1
9/19/2022,1,5,Herbicide,NONE,2,UNKDIC,ND,0
9/19/2022,2,1,Mechanical,GRAS,5,UROMAX,NN,0
9/19/2022,2,1,Mechanical,FORB,3,MALCOR,NV,1
9/19/2022,2,1,Mechanical,NONE,3,DEDVEG,ND,0
9/19/2022,2,2,Mechanical,FORB,4,MALCOR,NV,1
9/19/2022,2,2,Mechanical,SHRU,3,MORCER,NV,4
9/19/2022,2,2,Mechanical,GRAS,3,UROMAX,NN,0
9/19/2022,2,2,Mechanical,VINE,2,MOMCHA,NN,0
9/19/2022,2,3,Mechanical,GRAS,5,UROMAX,NN,0
9/19/2022,2,3,Mechanical,FORB,3,MALCOR,NV,1
9/19/2022,2,3,Mechanical,FORB,2,COMSPP,ND,0
9/19/2022,2,3,Mechanical,FORB,2,PHLSPP,NV,0
9/19/2022,2,4,Mechanical,GRAS,6,UROMAX,NN,0
9/19/2022,2,4,Mechanical,FORB,2,BIDALB,NV,0
9/19/2022,2,4,Mechanical,FORB,2,MALCOR,NV,1
9/19/2022,2,5,Mechanical,FORB,5,MALCOR,NV,1
9/19/2022,2,5,Mechanical,GRAS,4,UROMAX,NN,0
9/19/2022,2,5,Mechanical,GRAS,1,ARISPI,NV,7
9/19/2022,3,1,Underlayment,NONE,5,BARSOI,ND,0
9/19/2022,3,1,Underlayment,GRAS,3,PANDIC,NV,1
9/19/2022,3,1,Underlayment,FORB,3,BIDALB,NV,0
9/19/2022,3,1,Underlayment,SHRU,3,URELOB,NN,0
9/19/2022,3,1,Underlayment,FORB,2,MOLVER,NN,0
9/19/2022,3,1,Underlayment,FORB,2,MALCOR,NV,1
9/19/2022,3,1,Underlayment,NONE,2,DEDVEG,ND,0
9/19/2022,3,2,Underlayment,NONE,5,BARSOI,ND,0
9/19/2022,3,2,Underlayment,FORB,2,MALCOR,NV,1
9/19/2022,3,2,Underlayment,SHRU,2,URELOB,NN,0
9/19/2022,3,2,Underlayment,FORB,2,MOLVER,NN,0
9/19/2022,3,2,Underlayment,FORB,2,BIDALB,NV,0
9/19/2022,3,2,Underlayment,FABA,2,VIGLUT,NV,2
9/19/2022,3,2,Underlayment,VINE,2,MOMCHA,NN,0
9/19/2022,3,2,Underlayment,FORB,2,POLPRO,NV,1
9/19/2022,3,2,Underlayment,NONE,2,UNKDIC,ND,0
9/19/2022,3,2,Underlayment,NONE,2,UNKDIC,ND,0
9/19/2022,4,1,Plastic,FORB,4,MOLVER,NN,0
9/19/2022,4,1,Plastic,GRAS,3,COLANC,NV,7
9/19/2022,4,1,Plastic,GRAS,3,ERASPE,NV,2
9/19/2022,4,1,Plastic,NONE,3,BARSOI,ND,0
9/19/2022,4,1,Plastic,GRAS,2,SETPAR,NV,3
9/19/2022,4,1,Plastic,GRAS,2,PANDIC,NV,1
9/19/2022,4,2,Plastic,GRAS,3,SETPAR,NV,3
9/19/2022,4,2,Plastic,GRAS,3,PANVIR,NV,4
9/19/2022,4,2,Plastic,FORB,3,MALCOR,NV,1
9/19/2022,4,2,Plastic,NONE,3,BARSOI,ND,0
9/19/2022,4,2,Plastic,FORB,2,MOLVER,NN,0
9/19/2022,4,2,Plastic,GRAS,2,EUSPET,NV,2
9/19/2022,4,2,Plastic,FABA,2,INDHIR,NN,0
9/19/2022,5,1,Underlayment,NONE,4,BARSOI,ND,0
9/19/2022,5,1,Underlayment,SHRU,3,URELOB,NN,0
9/19/2022,5,1,Underlayment,FORB,3,MALCOR,NV,1
9/19/2022,5,1,Underlayment,GRAS,3,ARISPI,NV,7
9/19/2022,5,1,Underlayment,NONE,2,DEDVEG,ND,0
9/19/2022,5,1,Underlayment,NONE,1,UNKDIC,ND,0
9/19/2022,5,1,Underlayment,FORB,1,PHLSPP,NV,0
9/19/2022,5,2,Underlayment,NONE,4,BARSOI,ND,0
9/19/2022,5,2,Underlayment,GRAS,3,SETPAR,NV,3
9/19/2022,5,2,Underlayment,FORB,3,MALCOR,NV,1
9/19/2022,5,2,Underlayment,SHRU,3,URELOB,NN,0
9/19/2022,5,2,Underlayment,FORB,2,BIDALB,NV,0
9/19/2022,5,2,Underlayment,GRAS,2,PANDIC,NV,1
9/19/2022,5,2,Underlayment,SEDG,2,CYPSPP,ND,0
9/19/2022,5,2,Underlayment,NONE,1,UNKDIC,ND,0
9/19/2022,5,2,Underlayment,NONE,1,UNKDIC,ND,0
9/19/2022,5,2,Underlayment,GRAS,1,MUHCAP,NV,7
9/19/2022,6,1,Plastic,NONE,5,BARSOI,ND,0
9/19/2022,6,1,Plastic,GRAS,3,PANDIC,NV,1
9/19/2022,6,1,Plastic,FORB,2,MOLVER,NN,0
9/19/2022,6,1,Plastic,VINE,2,MOMCHA,NN,0
9/19/2022,6,1,Plastic,GRAS,2,ARISPI,NV,7
9/19/2022,6,1,Plastic,GRAS,2,EUSPET,NV,2
9/19/2022,6,1,Plastic,FORB,2,POLPRO,NV,1
9/19/2022,6,1,Plastic,NONE,2,DEDVEG,ND,0
9/19/2022,6,2,Plastic,SEDG,4,CYPSPP,ND,0
9/19/2022,6,2,Plastic,SEDG,4,CYPSPP,ND,0
9/19/2022,6,2,Plastic,FORB,4,POLPRO,NV,1
9/19/2022,6,2,Plastic,GRAS,3,PANDIC,NV,1
9/19/2022,6,2,Plastic,FORB,2,COMSPP,ND,0
9/19/2022,6,2,Plastic,FORB,2,MOLVER,NN,0
9/19/2022,6,2,Plastic,FORB,2,CORAES,NN,0
9/19/2022,7,1,Underlayment,NONE,5,BARSOI,ND,0
9/19/2022,7,1,Underlayment,FORB,3,MALCOR,NV,1
9/19/2022,7,1,Underlayment,ASTE,2,SOLSEM,NV,4
9/19/2022,7,1,Underlayment,SHRU,2,URELOB,NN,0
9/19/2022,7,1,Underlayment,GRAS,2,DIGFIL,NV,7
9/19/2022,7,1,Underlayment,FORB,2,POLPRO,NV,1
9/19/2022,7,1,Underlayment,FORB,2,COMSPP,ND,0
9/19/2022,7,1,Underlayment,VINE,2,RUBSPP,NV,3
9/19/2022,7,1,Underlayment,GRAS,2,ERASPE,NV,2
9/19/2022,7,2,Underlayment,NONE,3,BARSOI,ND,0
9/19/2022,7,2,Underlayment,SHRU,3,URELOB,NN,0
9/19/2022,7,2,Underlayment,FORB,3,MALCOR,NV,1
9/19/2022,7,2,Underlayment,FORB,3,BIDALB,NV,0
9/19/2022,7,2,Underlayment,GRAS,3,SETPAR,NV,3
9/19/2022,7,2,Underlayment,GRAS,2,ANDVIR,NV,6
9/19/2022,7,2,Underlayment,GRAS,2,ANDGLO,NV,2
9/19/2022,7,2,Underlayment,NONE,1,UNKDIC,ND,0
9/19/2022,7,2,Underlayment,FORB,1,POLPRO,NV,1
9/19/2022,8,1,Plastic,NONE,5,BARSOI,ND,0
9/19/2022,8,1,Plastic,FORB,3,MALCOR,NV,1
9/19/2022,8,1,Plastic,FORB,2,POLPRO,NV,1
9/19/2022,8,1,Plastic,FORB,2,PORSPP,NV,1
9/19/2022,8,1,Plastic,GRAS,2,EUSPET,NV,2
9/19/2022,8,1,Plastic,NONE,2,UNKDIC,ND,0
9/19/2022,8,1,Plastic,NONE,2,UNKMON,ND,0
9/19/2022,8,2,Plastic,FORB,5,MALCOR,NV,1
9/19/2022,8,2,Plastic,NONE,3,BARSOI,ND,0
9/19/2022,8,2,Plastic,FORB,2,BIDALB,NV,0
9/19/2022,8,2,Plastic,FORB,1,POLPRO,NV,1
9/19/2022,8,2,Plastic,FABA,1,INDHIR,NN,0
9/19/2022,8,2,Plastic,GRAS,1,ERISPP,NN,0
9/19/2022,9,1,Plastic,NONE,5,BARSOI,ND,0
9/19/2022,9,1,Plastic,FORB,3,MOLVER,NN,0
9/19/2022,9,1,Plastic,GRAS,2,SETPAR,NV,3
9/19/2022,9,1,Plastic,SEDG,2,CYPSPP,ND,0
9/19/2022,9,1,Plastic,GRAS,2,ERASPE,NV,2
9/19/2022,9,1,Plastic,NONE,2,UNKDIC,ND,0
9/19/2022,9,1,Plastic,FORB,2,POLPRO,NV,1
9/19/2022,9,2,Plastic,NONE,4,BARSOI,ND,0
9/19/2022,9,2,Plastic,GRAS,3,PANDIC,NV,1
9/19/2022,9,2,Plastic,FORB,3,MOLVER,NN,0
9/19/2022,9,2,Plastic,GRAS,2,ERASPE,NV,2
9/19/2022,9,2,Plastic,SEDG,2,CYPSPP,ND,0
9/19/2022,9,2,Plastic,SEDG,2,CYPSPP,ND,0
9/19/2022,9,2,Plastic,FABA,2,CHAFAS,NV,5
9/19/2022,9,2,Plastic,GRAS,2,ANDGLO,NV,2
9/19/2022,9,2,Plastic,GRAS,2,ANDVIR,NV,6
9/19/2022,9,2,Plastic,NONE,2,UNKDIC,ND,0
9/19/2022,9,2,Plastic,NONE,2,UNKDIC,ND,0
9/19/2022,9,2,Plastic,SHRU,1,URELOB,NN,0
9/19/2022,9,2,Plastic,FORB,1,PHLSPP,NV,0
9/19/2022,10,1,Underlayment,GRAS,3,ERASPE,NV,2
9/19/2022,10,1,Underlayment,GRAS,3,ANDGLO,NV,2
9/19/2022,10,1,Underlayment,GRAS,3,PANDIC,NV,1
9/19/2022,10,1,Underlayment,FORB,3,MALCOR,NV,1
9/19/2022,10,1,Underlayment,SHRU,3,URELOB,NN,0
9/19/2022,10,1,Underlayment,FORB,3,MOLVER,NN,0
9/19/2022,10,1,Underlayment,NONE,3,BARSOI,ND,0
9/19/2022,10,1,Underlayment,NONE,2,UNKDIC,ND,0
9/19/2022,10,1,Underlayment,FORB,2,PORSPP,NV,1
9/19/2022,10,2,Underlayment,NONE,4,BARSOI,ND,0
9/19/2022,10,2,Underlayment,FORB,3,MALCOR,NV,1
9/19/2022,10,2,Underlayment,GRAS,3,PASPLI,NV,2
9/19/2022,10,2,Underlayment,GRAS,3,EUSPET,NV,2
9/19/2022,10,2,Underlayment,GRAS,3,ANDGLO,NV,2
9/19/2022,10,2,Underlayment,SHRU,3,URELOB,NN,0
9/19/2022,10,2,Underlayment,FABA,2,INDHIR,NN,0
9/19/2022,10,2,Underlayment,NONE,2,UNKDIC,ND,0
9/19/2022,10,2,Underlayment,GRAS,2,ARISPI,NV,7
9/19/2022,10,2,Underlayment,FORB,2,COMSPP,ND,0
9/19/2022,11,1,Underlayment,SHRU,4,URELOB,NN,0
9/19/2022,11,1,Underlayment,GRAS,3,ANDGLO,NV,2
9/19/2022,11,1,Underlayment,GRAS,3,EUSPET,NV,2
9/19/2022,11,1,Underlayment,NONE,3,BARSOI,ND,0
9/19/2022,11,1,Underlayment,NONE,2,DEDVEG,ND,0
9/19/2022,11,1,Underlayment,FABA,2,INDHIR,NN,0
9/19/2022,11,1,Underlayment,FORB,2,MOLVER,NN,0
9/19/2022,11,1,Underlayment,FORB,2,POLPRO,NV,1
9/19/2022,11,1,Underlayment,FORB,2,MALCOR,NV,1
9/19/2022,11,2,Underlayment,GRAS,3,ERASPE,NV,2
9/19/2022,11,2,Underlayment,SHRU,3,URELOB,NN,0
9/19/2022,11,2,Underlayment,FORB,3,MALCOR,NV,1
9/19/2022,11,2,Underlayment,GRAS,3,EUSPET,NV,2
9/19/2022,11,2,Underlayment,NONE,3,BARSOI,ND,0
9/19/2022,11,2,Underlayment,FORB,2,MOLVER,NN,0
9/19/2022,11,2,Underlayment,FORB,2,PORSPP,NV,1
9/19/2022,11,2,Underlayment,FORB,2,POLPRO,NV,1
9/19/2022,11,2,Underlayment,FORB,2,COMSPP,ND,0
9/19/2022,11,2,Underlayment,FABA,1,INDHIR,NN,0
11/4/2022,0,1,Control,SHRU,4,URELOB,NN,0
11/4/2022,0,1,Control,GRAS,4,UROMAX,NN,0
11/4/2022,0,1,Control,FABA,4,INDHIR,NN,0
11/4/2022,0,1,Control,NONE,1,BARSOI,ND,0
11/4/2022,0,2,Control,GRAS,6,UROMAX,NN,0
11/4/2022,0,2,Control,FABA,2,INDHIR,NN,0
11/4/2022,1,1,Herbicide,FORB,4,BIDALB,NV,0
11/4/2022,1,1,Herbicide,NONE,3,BARSOI,ND,0
11/4/2022,1,1,Herbicide,NONE,3,DEDVEG,ND,0
11/4/2022,1,1,Herbicide,GRAS,2,UROMAX,NN,0
11/4/2022,1,1,Herbicide,FORB,2,CORAES,NN,0
11/4/2022,1,1,Herbicide,FORB,2,PHLSPP,NV,0
11/4/2022,1,1,Herbicide,SHRU,1,URELOB,NN,0
11/4/2022,1,2,Herbicide,NONE,5,DEDVEG,ND,0
11/4/2022,1,2,Herbicide,GRAS,3,UROMAX,NN,0
11/4/2022,1,2,Herbicide,FORB,2,COMSPP,ND,0
11/4/2022,1,2,Herbicide,FABA,2,SENOBT,NV,1
11/4/2022,1,2,Herbicide,FORB,2,PHLSPP,NV,0
11/4/2022,1,2,Herbicide,FORB,2,AMBART,NV,0
11/4/2022,1,2,Herbicide,FORB,2,CORAES,NN,0
11/4/2022,1,2,Herbicide,SHRU,2,URELOB,NN,0
11/4/2022,1,2,Herbicide,FORB,1,PORSPP,NV,1
11/4/2022,1,2,Herbicide,NONE,1,BARSOI,ND,0
11/4/2022,1,3,Herbicide,NONE,5,DEDVEG,ND,0
11/4/2022,1,3,Herbicide,FORB,3,BIDALB,NV,0
11/4/2022,1,3,Herbicide,FORB,3,CORAES,NN,0
11/4/2022,1,3,Herbicide,SHRU,2,URELOB,NN,0
11/4/2022,1,3,Herbicide,GRAS,2,UROMAX,NN,0
11/4/2022,1,3,Herbicide,NONE,2,BARSOI,ND,0
11/4/2022,1,3,Herbicide,NONE,2,UNKDIC,ND,0
11/4/2022,1,3,Herbicide,FORB,1,PHLSPP,NV,0
11/4/2022,1,4,Herbicide,NONE,5,DEDVEG,ND,0
11/4/2022,1,4,Herbicide,NONE,4,BARSOI,ND,0
11/4/2022,1,4,Herbicide,FORB,1,MALCOR,NV,1
11/4/2022,1,4,Herbicide,SHRU,1,URELOB,NN,0
11/4/2022,1,4,Herbicide,FABA,1,SENOBT,NV,1
11/4/2022,1,5,Herbicide,NONE,7,DEDVEG,ND,0
11/4/2022,2,1,Mechanical,GRAS,4,UROMAX,NN,0
11/4/2022,2,1,Mechanical,NONE,4,DEDVEG,ND,0
11/4/2022,2,1,Mechanical,FORB,3,MALCOR,NV,1
11/4/2022,2,1,Mechanical,VINE,3,RUBSPP,NV,3
11/4/2022,2,1,Mechanical,SHRU,1,URELOB,NN,0
11/4/2022,2,2,Mechanical,NONE,4,DEDVEG,ND,0
11/4/2022,2,2,Mechanical,GRAS,4,UROMAX,NN,0
11/4/2022,2,2,Mechanical,FORB,3,MALCOR,NV,1
11/4/2022,2,2,Mechanical,VINE,3,RUBSPP,NV,3
11/4/2022,2,2,Mechanical,SHRU,1,URELOB,NN,0
11/4/2022,2,3,Mechanical,FORB,4,PHLSPP,NV,0
11/4/2022,2,3,Mechanical,GRAS,4,UROMAX,NN,0
11/4/2022,2,3,Mechanical,NONE,4,DEDVEG,ND,0
11/4/2022,2,3,Mechanical,SHRU,2,URELOB,NN,0
11/4/2022,2,3,Mechanical,FORB,1,CORAES,NN,0
11/4/2022,2,3,Mechanical,NONE,1,UNKDIC,ND,0
11/4/2022,2,4,Mechanical,SEDG,4,CYPSPP,ND,0
11/4/2022,2,4,Mechanical,FORB,3,PHLSPP,NV,0
11/4/2022,2,4,Mechanical,GRAS,3,UROMAX,NN,0
11/4/2022,2,4,Mechanical,NONE,3,DEDVEG,ND,0
11/4/2022,2,4,Mechanical,SHRU,2,URELOB,NN,0
11/4/2022,2,4,Mechanical,FORB,2,MALCOR,NV,1
11/4/2022,2,4,Mechanical,FORB,1,COMSPP,ND,0
11/4/2022,2,5,Mechanical,NONE,4,DEDVEG,ND,0
11/4/2022,2,5,Mechanical,GRAS,4,UROMAX,NN,0
11/4/2022,2,5,Mechanical,SHRU,3,URELOB,NN,0
11/4/2022,2,5,Mechanical,FORB,2,CORAES,NN,0
11/4/2022,3,1,Underlayment,FORB,5,CORAES,NN,0
11/4/2022,3,1,Underlayment,GRAS,3,DIGFIL,NV,7
11/4/2022,3,1,Underlayment,FABA,2,INDHIR,NN,0
11/4/2022,3,1,Underlayment,GRAS,1,SETPAR,NV,3
11/4/2022,3,1,Underlayment,FORB,1,POLPRO,NV,1
11/4/2022,3,1,Underlayment,FORB,1,BIDALB,NV,0
11/4/2022,3,2,Underlayment,FORB,4,CORAES,NN,0
11/4/2022,3,2,Underlayment,NONE,4,BARSOI,ND,0
11/4/2022,3,2,Underlayment,ASTE,3,SOLSEM,NV,4
11/4/2022,3,2,Underlayment,FABA,3,SENOBT,NV,1
11/4/2022,3,2,Underlayment,SHRU,3,URELOB,NN,0
11/4/2022,3,2,Underlayment,FABA,3,INDHIR,NN,0
11/4/2022,3,2,Underlayment,FORB,2,CROSPP,NN,0
11/4/2022,3,2,Underlayment,FABA,2,RHYMIN,NV,1
11/4/2022,3,2,Underlayment,GRAS,2,ERASPE,NV,2
11/4/2022,3,2,Underlayment,FORB,1,POLPRO,NV,1
11/4/2022,3,2,Underlayment,FORB,1,OLDCOR,NN,0
11/4/2022,4,1,Plastic,FORB,4,CORAES,NN,0
11/4/2022,4,1,Plastic,NONE,3,BARSOI,ND,0
11/4/2022,4,1,Plastic,GRAS,3,PASPLI,NV,2
11/4/2022,4,1,Plastic,GRAS,3,ERASPE,NV,2
11/4/2022,4,1,Plastic,NONE,2,BARSOI,ND,0
11/4/2022,4,1,Plastic,FORB,2,BIDALB,NV,0
11/4/2022,4,1,Plastic,FABA,2,INDHIR,NN,0
11/4/2022,4,1,Plastic,GRAS,2,SETPAR,NV,3
11/4/2022,4,1,Plastic,FORB,2,OLDCOR,NN,0
11/4/2022,4,2,Plastic,FORB,5,CORAES,NN,0
11/4/2022,4,2,Plastic,FABA,2,SENOBT,NV,1
11/4/2022,4,2,Plastic,GRAS,2,PANDIC,NV,1
11/4/2022,4,2,Plastic,NONE,2,BARSOI,ND,0
11/4/2022,5,1,Underlayment,GRAS,3,EUSPET,NV,2
11/4/2022,5,1,Underlayment,GRAS,3,ERASPE,NV,2
11/4/2022,5,1,Underlayment,GRAS,3,UROMAX,NN,0
11/4/2022,5,1,Underlayment,FORB,3,CORAES,NN,0
11/4/2022,5,1,Underlayment,GRAS,3,SETPAR,NV,3
11/4/2022,5,1,Underlayment,FORB,2,BIDALB,NV,0
11/4/2022,5,1,Underlayment,VINE,2,RUBSPP,NV,3
11/4/2022,5,1,Underlayment,GRAS,2,PANDIC,NV,1
11/4/2022,5,1,Underlayment,FORB,1,POLPRO,NV,1
11/4/2022,5,1,Underlayment,FORB,1,OLDCOR,NN,0
11/4/2022,5,2,Underlayment,FORB,4,CROSPP,NN,0
11/4/2022,5,2,Underlayment,FORB,4,CORAES,NN,0
11/4/2022,5,2,Underlayment,GRAS,3,UROMAX,NN,0
11/4/2022,5,2,Underlayment,GRAS,3,ERASPE,NV,2
11/4/2022,5,2,Underlayment,FABA,3,VIGLUT,NV,2
11/4/2022,5,2,Underlayment,GRAS,3,ARISPI,NV,7
11/4/2022,5,2,Underlayment,SHRU,2,URELOB,NN,0
11/4/2022,5,2,Underlayment,NONE,2,DEDVEG,ND,0
11/4/2022,5,2,Underlayment,NONE,2,BARSOI,ND,0
11/4/2022,5,2,Underlayment,FORB,1,OLDCOR,NN,0
11/4/2022,6,1,Plastic,GRAS,4,ERASPE,NV,2
11/4/2022,6,1,Plastic,FORB,4,CORAES,NN,0
11/4/2022,6,1,Plastic,GRAS,2,EUSPET,NV,2
11/4/2022,6,1,Plastic,VINE,1,MOMCHA,NN,0
11/4/2022,6,1,Plastic,FORB,1,AMBART,NV,0
11/4/2022,6,1,Plastic,FORB,1,POLPRO,NV,1
11/4/2022,6,2,Plastic,GRAS,3,ANDVIR,NV,6
11/4/2022,6,2,Plastic,GRAS,3,SETPAR,NV,3
11/4/2022,6,2,Plastic,FORB,3,POLPRO,NV,1
11/4/2022,6,2,Plastic,FORB,3,CORAES,NN,0
11/4/2022,6,2,Plastic,GRAS,3,EUSPET,NV,2
11/4/2022,6,2,Plastic,GRAS,3,ERASPE,NV,2
11/4/2022,6,2,Plastic,NONE,3,BARSOI,ND,0
11/4/2022,6,2,Plastic,NONE,3,DEDVEG,ND,0
11/4/2022,6,2,Plastic,VINE,2,MOMCHA,NN,0
11/4/2022,6,2,Plastic,FORB,1,MALCOR,NV,1
11/4/2022,6,2,Plastic,FABA,1,SENOBT,NV,1
11/4/2022,7,1,Underlayment,FORB,5,CORAES,NN,0
11/4/2022,7,1,Underlayment,SHRU,4,URELOB,NN,0
11/4/2022,7,1,Underlayment,FORB,3,POLPRO,NV,1
11/4/2022,7,1,Underlayment,NONE,3,BARSOI,ND,0
11/4/2022,7,1,Underlayment,GRAS,3,PASPLI,NV,2
11/4/2022,7,1,Underlayment,GRAS,2,EUSPET,NV,2
11/4/2022,7,1,Underlayment,FORB,2,BIDALB,NV,0
11/4/2022,7,1,Underlayment,FABA,2,INDHIR,NN,0
11/4/2022,7,2,Underlayment,SHRU,4,URELOB,NN,0
11/4/2022,7,2,Underlayment,FORB,3,BIDALB,NV,0
11/4/2022,7,2,Underlayment,FORB,3,CORAES,NN,0
11/4/2022,7,2,Underlayment,FABA,3,INDHIR,NN,0
11/4/2022,7,2,Underlayment,FORB,3,POLPRO,NV,1
11/4/2022,7,2,Underlayment,NONE,2,BARSOI,ND,0
11/4/2022,7,2,Underlayment,FORB,2,OLDCOR,NN,0
11/4/2022,8,1,Plastic,FABA,4,INDHIR,NN,0
11/4/2022,8,1,Plastic,FORB,4,CORAES,NN,0
11/4/2022,8,1,Plastic,FORB,2,BIDALB,NV,0
11/4/2022,8,1,Plastic,GRAS,2,ARISPI,NV,7
11/4/2022,8,1,Plastic,FORB,1,COMSPP,ND,0
11/4/2022,8,1,Plastic,FORB,1,POLPRO,NV,1
11/4/2022,8,2,Plastic,SHRU,3,URELOB,NN,0
11/4/2022,8,2,Plastic,NONE,3,BARSOI,ND,0
11/4/2022,8,2,Plastic,FABA,3,INDHIR,NN,0
11/4/2022,8,2,Plastic,FORB,3,CORAES,NN,0
11/4/2022,8,2,Plastic,GRAS,3,ERASPE,NV,2
11/4/2022,8,2,Plastic,GRAS,2,DIGFIL,NV,7
11/4/2022,8,2,Plastic,FORB,2,POLPRO,NV,1
11/4/2022,8,2,Plastic,FORB,2,BIDALB,NV,0
11/4/2022,8,2,Plastic,FORB,1,MALCOR,NV,1
11/4/2022,8,2,Plastic,NONE,1,UNKDIC,ND,0
11/4/2022,9,1,Plastic,GRAS,3,MELREP,NN,0
11/4/2022,9,1,Plastic,GRAS,3,ANDVIR,NV,6
11/4/2022,9,1,Plastic,GRAS,3,ERASPE,NV,2
11/4/2022,9,1,Plastic,FORB,3,LUDSPP,NV,2
11/4/2022,9,1,Plastic,FORB,3,POLPRO,NV,1
11/4/2022,9,1,Plastic,FORB,3,CORAES,NN,0
11/4/2022,9,1,Plastic,FORB,2,OLDCOR,NN,0
11/4/2022,9,2,Plastic,GRAS,3,PANDIC,NV,1
11/4/2022,9,2,Plastic,GRAS,3,ARISPI,NV,7
11/4/2022,9,2,Plastic,SEDG,3,CYPSPP,ND,0
11/4/2022,9,2,Plastic,FORB,3,POLPRO,NV,1
11/4/2022,9,2,Plastic,GRAS,3,ERASPE,NV,2
11/4/2022,9,2,Plastic,GRAS,3,ANDGLO,NV,2
11/4/2022,9,2,Plastic,NONE,3,BARSOI,ND,0
11/4/2022,9,2,Plastic,FORB,2,CORAES,NN,0
11/4/2022,9,2,Plastic,FABA,2,INDHIR,NN,0
11/4/2022,9,2,Plastic,FORB,2,PHLSPP,NV,0
11/4/2022,9,2,Plastic,SEDG,2,CYPSPP,ND,0
11/4/2022,9,2,Plastic,SEDG,2,CYPSPP,ND,0
11/4/2022,10,1,Underlayment,SHRU,4,URELOB,NN,0
11/4/2022,10,1,Underlayment,NONE,4,BARSOI,ND,0
11/4/2022,10,1,Underlayment,FORB,3,LUDSPP,NV,2
11/4/2022,10,1,Underlayment,FABA,3,VIGLUT,NV,2
11/4/2022,10,1,Underlayment,FORB,3,CORAES,NN,0
11/4/2022,10,1,Underlayment,FABA,3,INDHIR,NN,0
11/4/2022,10,1,Underlayment,FABA,3,AESAME,NV,2
11/4/2022,10,1,Underlayment,FORB,2,POLPRO,NV,1
11/4/2022,10,2,Underlayment,SHRU,4,URELOB,NN,0
11/4/2022,10,2,Underlayment,GRAS,3,SETPAR,NV,3
11/4/2022,10,2,Underlayment,FORB,3,LUDSPP,NV,2
11/4/2022,10,2,Underlayment,FORB,3,CORAES,NN,0
11/4/2022,10,2,Underlayment,FORB,2,POLPRO,NV,1
11/4/2022,11,1,Underlayment,NONE,4,BARSOI,ND,0
11/4/2022,11,1,Underlayment,GRAS,3,ARISPI,NV,7
11/4/2022,11,1,Underlayment,GRAS,3,EUSPET,NV,2
11/4/2022,11,1,Underlayment,GRAS,3,SETPAR,NV,3
11/4/2022,11,1,Underlayment,FORB,3,CORAES,NN,0
11/4/2022,11,1,Underlayment,SHRU,3,URELOB,NN,0
11/4/2022,11,1,Underlayment,FORB,1,POLPRO,NV,1
11/4/2022,11,1,Underlayment,FORB,1,OLDCOR,NN,0
11/4/2022,11,2,Underlayment,SHRU,4,URELOB,NN,0
11/4/2022,11,2,Underlayment,FABA,4,INDHIR,NN,0
11/4/2022,11,2,Underlayment,GRAS,3,ARISPI,NV,7
11/4/2022,11,2,Underlayment,FORB,3,CORAES,NN,0
11/4/2022,11,2,Underlayment,NONE,3,BARSOI,ND,0
11/4/2022,11,2,Underlayment,FORB,2,POLPRO,NV,1
11/4/2022,11,2,Underlayment,FORB,2,LUDSPP,NV,2
11/4/2022,11,2,Underlayment,NONE,1,UNKMON,ND,0
11/4/2022,11,2,Underlayment,NONE,1,UNKMON,ND,0
11/4/2022,11,2,Underlayment,FORB,1,OLDCOR,NN,0